{
  "dashboard_name": "Clinical Overview",
  "widgets": [
    {
      "id": "patient_count",
      "type": "metric",
      "title": "Total Patients",
      "value": 0,
      "description": "Number of unique patients registered in the system"
    },
    {
      "id": "encounter_count",
      "type": "metric",
      "title": "Total Encounters",
      "value": 0,
      "description": "Total number of encounters recorded"
    },
    {
      "id": "lab_tests_today",
      "type": "metric",
      "title": "Lab Tests Today",
      "value": 0,
      "description": "Number of lab tests performed today"
    },
    {
      "id": "revenue_month",
      "type": "metric",
      "title": "Monthly Revenue",
      "value": 0.0,
      "description": "Billing revenue collected this month"
    }
  ]
}