{
  "name": "Appointment Reminder",
  "active": false,
  "nodes": [
    {
      "id": "trigger",
      "type": "cron",
      "name": "Daily Trigger",
      "schedule": {
        "cronExpression": "0 8 * * *"  
      }
    },
    {
      "id": "fetchAppointments",
      "type": "httpRequest",
      "name": "Fetch Appointments",
      "parameters": {
        "url": "http://openmrs:8080/api/appointments/today",
        "method": "GET"
      }
    },
    {
      "id": "sendReminder",
      "type": "function",
      "name": "Send Reminder",
      "parameters": {
        "functionCode": "const appointments = items[0].json;
for (const appt of appointments) {
  // integrate with WhatsApp or email API here
  console.log(`Sending reminder to ${appt.patientName} for ${appt.date}`);
}
return items;"
      }
    }
  ],
  "connections": {
    "trigger": {
      "main": [[{
        "node": "fetchAppointments",
        "type": "main"
      }]]
    },
    "fetchAppointments": {
      "main": [[{
        "node": "sendReminder",
        "type": "main"
      }]]
    }
  }
}