{
  "name": "Auto Redeploy",
  "active": false,
  "nodes": [
    {
      "id": "pushTrigger",
      "type": "githubTrigger",
      "name": "GitHub Push Trigger",
      "parameters": {
        "events": ["push"],
        "owner": "mrkztijaabo-glitch",
        "repository": "waran-bahmni",
        "branches": ["main", "production"]
      }
    },
    {
      "id": "redeploy",
      "type": "httpRequest",
      "name": "Redeploy Service",
      "parameters": {
        "url": "http://deployment-server.local/redeploy",
        "method": "POST",
        "bodyParameters": {
          "service": "bahmni"
        }
      }
    }
  ],
  "connections": {
    "pushTrigger": {
      "main": [[{
        "node": "redeploy",
        "type": "main"
      }]]
    }
  }
}