{
  "name": "PR Automation",
  "active": false,
  "nodes": [
    {
      "id": "githubTrigger",
      "type": "githubTrigger",
      "name": "GitHub PR Trigger",
      "parameters": {
        "events": ["pull_request"],
        "owner": "mrkztijaabo-glitch",
        "repository": "waran-bahmni"
      }
    },
    {
      "id": "runChecks",
      "type": "function",
      "name": "Run Checks",
      "parameters": {
        "functionCode": "// Here you could call CI checks or perform linting\nconsole.log('Running automated checks on PR');\nreturn items;"
      }
    },
    {
      "id": "autoMerge",
      "type": "github",
      "name": "Auto Merge",
      "parameters": {
        "resource": "pullRequest",
        "operation": "merge",
        "pullRequestNumber": "={{$json.number}}",
        "owner": "mrkztijaabo-glitch",
        "repository": "waran-bahmni",
        "mergeMethod": "squash"
      }
    }
  ],
  "connections": {
    "githubTrigger": {
      "main": [[{
        "node": "runChecks",
        "type": "main"
      }]]
    },
    "runChecks": {
      "main": [[{
        "node": "autoMerge",
        "type": "main"
      }]]
    }
  }
}