{
  "admin": {
    "description": "Full system administration access",
    "permissions": [
      "manage_users",
      "view_modify_all_records",
      "configure_system",
      "manage_billing",
      "manage_inventory"
    ]
  },
  "clinician": {
    "description": "Medical staff who provide care",
    "permissions": [
      "view_patient_records",
      "create_encounters",
      "order_labs",
      "prescribe_medications"
    ]
  },
  "lab_technician": {
    "description": "Laboratory personnel responsible for tests",
    "permissions": [
      "view_lab_orders",
      "update_lab_results"
    ]
  },
  "billing_officer": {
    "description": "Handles billing and financial transactions",
    "permissions": [
      "view_billing_records",
      "create_invoices",
      "update_payment_status"
    ]
  },
  "pharmacist": {
    "description": "Dispenses medications",
    "permissions": [
      "view_prescriptions",
      "dispense_medications"
    ]
  }
}